{"cameraMode":{"drawMode":0,"name":"Shaded","section":"Shading Mode"},"sceneLighting":true,"audioPlay":false,"sceneViewState":{"showFog":true,"showMaterialUpdate":false,"showSkybox":true,"showFlares":true,"showImageEffects":true,"showParticleSystems":true},"in2DMode":false,"pivot":{"x":-2.435131788253784,"y":-0.4186784625053406,"z":1.4822717905044556},"rotation":{"x":-0.20129556953907014,"y":0.37026938796043398,"z":-0.08253110200166702,"w":-0.9030964970588684},"size":7.949179649353027,"orthographic":false}