{"count":1,"gauges":{},"self":2.5372209999999997,"total":2.7262071999999997,"children":{"AgentSendState":{"count":108,"self":0.0019941,"total":0.0029917999999999998,"children":{"CollectObservations":{"count":11,"self":0.0009977,"total":0.0009977,"children":null},"CollectDiscreteActionMasks":{"count":11,"self":0,"total":0,"children":null}}},"DecideAction":{"count":108,"self":0.1819913,"total":0.1819913,"children":null},"AgentAct":{"count":108,"self":0.0020028999999999997,"total":0.0020028999999999997,"children":null}}}